variant,spectral_radius,seed,curvature_rad,vpt
connectome,0.0,0,0.2515994404478144,0.07471199999999999
connectome,0.0,1,0.2528480125420928,0.08829600000000001
connectome,0.0,2,0.25464176843960673,0.0760704
connectome,0.0,3,0.25484244392755984,0.06927839999999999
connectome,0.0,4,0.254112959110645,0.0692784
connectome,0.0,5,0.25370489978643046,0.0692784
connectome,0.0,6,0.2509492601658659,0.0787872
connectome,0.0,7,0.25455481225124205,0.0828624
connectome,0.0,8,0.25070504737749155,0.06791999999999998
connectome,0.0,9,0.253617670220566,0.06792000000000001
connectome,0.4,0,0.2516009443543713,0.9400128000000001
connectome,0.4,1,0.2528719237707944,1.0663440000000002
connectome,0.4,2,0.25473505695181226,1.1070959999999999
connectome,0.4,3,0.2548113142587043,1.1981088
connectome,0.4,4,0.25426346042782044,1.1505648
connectome,0.4,5,0.25360317545320366,1.025592
connectome,0.4,6,0.25098449500807113,1.1478479999999995
connectome,0.4,7,0.2546587948204524,1.0418927999999998
connectome,0.4,8,0.25070878174281563,1.0405343999999999
connectome,0.4,9,0.2535768125426152,0.9753311999999997
connectome,0.8,0,0.2518975371626704,1.304064
connectome,0.8,1,0.2529389143364707,1.4575632
connectome,0.8,2,0.2559502723274935,1.2999888
connectome,0.8,3,0.25440410392158413,1.3828511999999997
connectome,0.8,4,0.25468937677112286,1.453488
connectome,0.8,5,0.2534996048751485,1.2334272
connectome,0.8,6,0.25192148062768144,1.5173327999999997
connectome,0.8,7,0.25655694514235383,1.5363504
connectome,0.8,8,0.25189131166866874,1.3597584
connectome,0.8,9,0.2534569194461334,1.3774175999999998
connectome,1.2,0,0.25270105648120206,3.4870127999999996
connectome,1.2,1,0.2553806513898687,2.0009232
connectome,1.2,2,0.2576377921210163,1.1641487999999998
connectome,1.2,3,0.2519849504057663,1.534992
connectome,1.2,4,0.2554212726470757,1.351608
connectome,1.2,5,0.25544538102576164,3.3878496
connectome,1.2,6,0.25533122923787666,1.7224511999999994
connectome,1.2,7,0.2562953915133257,1.6518144
connectome,1.2,8,0.252092025945169,1.6884911999999996
connectome,1.2,9,0.2541343280555727,1.4657136
connectome,1.6,0,0.2547620096941023,2.3350896
connectome,1.6,1,0.2571145274210115,3.8632896000000003
connectome,1.6,2,0.2576687495936638,4.1471952
connectome,1.6,3,0.2558128206118144,4.2667344
connectome,1.6,4,0.2558591322097321,3.9067583999999997
connectome,1.6,5,0.25434217622770616,6.9482159999999995
connectome,1.6,6,0.25502081925182,5.6862623999999995
connectome,1.6,7,0.25803391221506294,4.083350399999999
connectome,1.6,8,0.25379834142528557,3.4870127999999996
connectome,1.6,9,0.2567785812924608,6.3532367999999995
connectome,2.0,0,0.25595449452908936,2.6312207999999995
connectome,2.0,1,0.25740381047639105,3.6065519999999993
connectome,2.0,2,0.25835188695537,4.9187664
connectome,2.0,3,0.25629064485297975,5.441750399999999
connectome,2.0,4,0.25780242539633885,0.9237119999999999
connectome,2.0,5,0.2565049596111204,6.254073599999999
connectome,2.0,6,0.25918808616802574,5.474352
connectome,2.0,7,0.2603419227851377,3.9447935999999997
connectome,2.0,8,0.2556699851490308,2.6814815999999997
connectome,2.0,9,0.25866793624548295,5.991902399999999
connectome,2.4,0,0.25465439875937856,2.4627792
connectome,2.4,1,0.25808783412963604,4.0493904
connectome,2.4,2,0.25923049987404234,5.3344368
connectome,2.4,3,0.25697181944027414,5.073624000000001
connectome,2.4,4,0.2573113973942205,0.8082479999999999
connectome,2.4,5,0.25742471704835374,4.4175168
connectome,2.4,6,0.26049525566490694,3.810311999999999
connectome,2.4,7,0.25829920178651217,4.054823999999999
connectome,2.4,8,0.2553433638302699,3.1161696
connectome,2.4,9,0.25884739476225077,5.2719504
connectome,2.8,0,0.25705670954642035,1.8732335999999996
connectome,2.8,1,0.26347066728043966,4.033089599999999
connectome,2.8,2,0.2612005810666162,3.5970432000000003
connectome,2.8,3,0.2610128439837575,4.388990399999999
connectome,2.8,4,0.2580795103359403,0.319224
connectome,2.8,5,0.26098399198128797,3.6649632
connectome,2.8,6,0.2579451439216035,4.043956799999999
connectome,2.8,7,0.2597868497357449,2.7602687999999995
connectome,2.8,8,0.2580791889832036,0.8435663999999999
connectome,2.8,9,0.2656620244260276,6.744456
connectome,3.2,0,0.25934427879701993,1.9859807999999997
connectome,3.2,1,0.26530775420497704,3.5467823999999992
connectome,3.2,2,0.26201417154669,3.2248416
connectome,3.2,3,0.26575958809544215,3.946151999999999
connectome,3.2,4,0.2619699202691677,1.7469023999999997
connectome,3.2,5,0.2635945364307797,3.4557696
connectome,3.2,6,0.26074835023251774,0.0013583999999999998
connectome,3.2,7,0.2623403630293374,3.776352
connectome,3.2,8,0.2612538088933418,0.9522383999999999
connectome,3.2,9,0.2627273848032882,6.251356800000001
connectome,3.6,0,0.2596428252675367,2.5021728
connectome,3.6,1,0.263758603576467,2.2359263999999994
connectome,3.6,2,0.26260787583997325,3.2520095999999996
connectome,3.6,3,0.26645301970054414,3.8211792000000004
connectome,3.6,4,0.25888050646071714,0.32737439999999995
connectome,3.6,5,0.2653202572569828,2.8064544
connectome,3.6,6,0.26259095356683354,0.0
connectome,3.6,7,0.2645966032592009,2.8376976
connectome,3.6,8,0.26034883420006755,2.0742768
connectome,3.6,9,0.2620706732077382,6.4089312000000005
connectome,4.0,0,0.2602203911635454,2.540208
connectome,4.0,1,0.2635723770831456,1.8677999999999997
connectome,4.0,2,0.26262405094486707,3.5970431999999994
connectome,4.0,3,0.26613482733737714,3.0740591999999993
connectome,4.0,4,0.2594993729394119,0.4537056
connectome,4.0,5,0.26669598256432225,4.398499200000001
connectome,4.0,6,0.26421503640528654,0.0
connectome,4.0,7,0.26541455911245637,3.0903599999999996
connectome,4.0,8,0.26124082301333745,1.4168111999999997
connectome,4.0,9,0.26228656035772513,6.126384
connectome,4.4,0,0.26018072102080264,2.6339375999999994
connectome,4.4,1,0.26371356354813497,2.2698864
connectome,4.4,2,0.2622937130254716,4.480003199999999
connectome,4.4,3,0.26592170309349433,2.9653872
connectome,4.4,4,0.26136955981860605,0.3232992
connectome,4.4,5,0.2672152456491659,3.5304815999999994
connectome,4.4,6,0.26398403808335485,0.0
connectome,4.4,7,0.26561887099146947,3.0102143999999997
connectome,4.4,8,0.2611036900518811,1.4399039999999999
connectome,4.4,9,0.26247785937544454,5.740598399999999
connectome,4.8,0,0.25977511060077313,2.4491951999999997
connectome,4.8,1,0.26367167462904467,2.3541072
connectome,4.8,2,0.2619929243460953,4.1988144
connectome,4.8,3,0.26552286398117814,3.277819199999999
connectome,4.8,4,0.26053103349840623,0.7145183999999999
connectome,4.8,5,0.26658931918834916,4.0167888
connectome,4.8,6,0.2613845290913072,0.0
connectome,4.8,7,0.2657870546984334,3.6147023999999996
connectome,4.8,8,0.26257621854175245,1.2999888
connectome,4.8,9,0.26251293757917904,5.713430399999999
connectome,5.2,0,0.2596371777293678,2.1843072
connectome,5.2,1,0.2635254507454239,2.1218207999999996
connectome,5.2,2,0.2618006841433109,3.4177343999999996
connectome,5.2,3,0.265058317817356,3.1868064
connectome,5.2,4,0.25957460362404916,0.6425232
connectome,5.2,5,0.2635328546746378,3.7505423999999996
connectome,5.2,6,0.26094873029674903,0.0013583999999999998
connectome,5.2,7,0.2645237764387345,2.6271455999999995
connectome,5.2,8,0.26779431730438397,0.39665279999999997
connectome,5.2,9,0.2624830342948912,5.4512592
connectome,5.6,0,0.2602195005734695,0.0
connectome,5.6,1,0.26335035461951617,1.7197344
connectome,5.6,2,0.2616910485112826,2.3921424
connectome,5.6,3,0.26464927916225384,3.1093775999999997
connectome,5.6,4,0.26002250062908755,0.3382416
connectome,5.6,5,0.2623145294447998,4.2708096
connectome,5.6,6,0.2604151224499787,0.0
connectome,5.6,7,0.2665266637550125,0.0
connectome,5.6,8,0.2698082770806531,0.0556944
connectome,5.6,9,0.2624607904201963,5.208105599999999
connectome,6.0,0,0.25963919111269085,0.0
connectome,6.0,1,0.2631832744378583,1.6137791999999997
connectome,6.0,2,0.2616284070901993,2.3052048
connectome,6.0,3,0.2643371746473485,2.5972607999999995
connectome,6.0,4,0.2700784282250648,0.0
connectome,6.0,5,0.26163336355667216,2.4165936
connectome,6.0,6,0.26036707522259045,0.0
connectome,6.0,7,0.25765519520328767,0.0
connectome,6.0,8,0.25708531686631114,0.0
connectome,6.0,9,0.2646064055381153,4.436534400000001
connectome,6.4,0,0.25871997682375364,0.0
connectome,6.4,1,0.263057972092694,1.5431424
connectome,6.4,2,0.2615914783359594,2.2902624
connectome,6.4,3,0.26412177580883817,2.2902624
connectome,6.4,4,0.27644974845237813,0.7199519999999999
connectome,6.4,5,0.2611659810715177,2.2658112000000004
connectome,6.4,6,0.2611983954603376,0.0
connectome,6.4,7,0.2550802681823154,0.0
connectome,6.4,8,0.25562667664366107,0.004075199999999999
connectome,6.4,9,0.26745372115621663,1.3787759999999998
connectome,6.8,0,0.25778717793233447,0.0
connectome,6.8,1,0.2629918653369206,1.4466959999999998
connectome,6.8,2,0.2615710928560365,2.0674848
connectome,6.8,3,0.26398933140844766,1.5675936
connectome,6.8,4,0.27740609124488724,0.8231904
connectome,6.8,5,0.2608129986715069,2.4152352
connectome,6.8,6,0.2604334354650466,0.0
connectome,6.8,7,0.25477684098646225,0.0
connectome,6.8,8,0.25503153063438677,0.3300912
connectome,6.8,9,0.2664951964246215,1.8637248
connectome,7.2,0,0.25689427769301393,0.0
connectome,7.2,1,0.2629804343227708,1.4317536
connectome,7.2,2,0.2615648503041226,1.996848
connectome,7.2,3,0.26392332516578304,1.5662352
connectome,7.2,4,0.28029073473516813,1.195392
connectome,7.2,5,0.26501059442500335,1.7903711999999998
connectome,7.2,6,0.25958702075007833,0.0
connectome,7.2,7,0.25396936892429606,0.0
connectome,7.2,8,0.2570047087653073,0.0013583999999999998
connectome,7.2,9,0.2656131945483867,1.5703103999999997
connectome,7.6,0,0.256053786570902,0.0
connectome,7.6,1,0.2630079208817096,1.4249616
connectome,7.6,2,0.26157265915041134,1.9574544
connectome,7.6,3,0.2639084855279152,1.3692672
connectome,7.6,4,0.2791850785253626,1.3434576
connectome,7.6,5,0.265282128407983,1.7210927999999999
connectome,7.6,6,0.2591033008140449,0.0
connectome,7.6,7,0.2550274885800003,0.0
connectome,7.6,8,0.2602751414056195,0.004075199999999999
connectome,7.6,9,0.26462931088553726,1.3393823999999999
connectome,8.0,0,0.2552754080114662,0.0
connectome,8.0,1,0.2630574395780443,1.385568
connectome,8.0,2,0.26159420095800984,1.8379152
connectome,8.0,3,0.2639322442700371,1.1356224
connectome,8.0,4,0.274555210575998,1.2334272
connectome,8.0,5,0.2655624211123067,1.7170175999999997
connectome,8.0,6,0.25807303721144126,0.0
connectome,8.0,7,0.253186302879741,0.0
connectome,8.0,8,0.26576134893473646,0.45642239999999995
connectome,8.0,9,0.2634869975410757,1.5798191999999998
connectome,8.4,0,0.2545692752345207,0.0
connectome,8.4,1,0.26311538059747086,0.8938271999999998
connectome,8.4,2,0.26162810370556167,2.0226575999999996
connectome,8.4,3,0.26398499752906895,1.1315472
connectome,8.4,4,0.27002166637222264,0.38306879999999993
connectome,8.4,5,0.2658426566332624,1.7197343999999997
connectome,8.4,6,0.2576679981374969,0.0
connectome,8.4,7,0.2521842132696719,0.0
connectome,8.4,8,0.2637000604660934,0.5392847999999999
connectome,8.4,9,0.2621619953859529,1.5798192
connectome,8.8,0,0.2539437921262832,0.0
connectome,8.8,1,0.2631722328369764,0.3694848
connectome,8.8,2,0.26167205486569445,2.1218207999999996
connectome,8.8,3,0.26405976958568167,1.2809712
connectome,8.8,4,0.26695792318575345,0.18881759999999997
connectome,8.8,5,0.26611732083954887,1.8216144
connectome,8.8,6,0.25731866883032256,0.0
connectome,8.8,7,0.2509986024215949,0.0
connectome,8.8,8,0.2611515976213505,0.4727232
connectome,8.8,9,0.2606547666218514,1.5771023999999998
connectome,9.2,0,0.25471768725889576,0.0
connectome,9.2,1,0.26322203315595993,0.5881871999999999
connectome,9.2,2,0.26172321826390527,2.0742768
connectome,9.2,3,0.26415163495840116,1.2755375999999998
connectome,9.2,4,0.2651831702403928,0.14263199999999998
connectome,9.2,5,0.2663833347205925,1.7088671999999998
connectome,9.2,6,0.2570234663376322,0.0
connectome,9.2,7,0.25446263129109453,0.0
connectome,9.2,8,0.2678355755268683,0.004075199999999999
connectome,9.2,9,0.2590103032754486,1.3937183999999998
connectome,9.6,0,0.2588821120621152,0.0
connectome,9.6,1,0.2632614919596254,0.366768
connectome,9.6,2,0.2617786300957866,1.9737552
connectome,9.6,3,0.264257118517339,0.9794063999999999
connectome,9.6,4,0.2644076264681974,0.31786559999999997
connectome,9.6,5,0.2666394736217951,1.5390671999999999
connectome,9.6,6,0.2567809557656012,0.0
connectome,9.6,7,0.26002864111143115,0.0
connectome,9.6,8,0.2662133923585735,0.19017599999999998
connectome,9.6,9,0.25739572667072774,1.5200495999999997
connectome,10.0,0,0.25772509014043793,0.0
connectome,10.0,1,0.2632891733163286,0.366768
connectome,10.0,2,0.26183547270998786,1.6490975999999997
connectome,10.0,3,0.2643736932263973,0.8449247999999999
connectome,10.0,4,0.26367374012806416,0.3246576
connectome,10.0,5,0.26688592112745113,1.6341552
connectome,10.0,6,0.2565896485142886,0.0
connectome,10.0,7,0.26298563579302325,0.0
connectome,10.0,8,0.2679753798110951,0.0
connectome,10.0,9,0.25608996496094877,1.5920448
connectome,10.4,0,0.26030821580799784,0.0
connectome,10.4,1,0.26330483293231616,0.366768
connectome,10.4,2,0.26189122953343497,1.6069872
connectome,10.4,3,0.2644994210568607,0.6574655999999999
connectome,10.4,4,0.2639495823422296,0.319224
connectome,10.4,5,0.26712390246508383,1.3638336
connectome,10.4,6,0.256918121023373,0.0
connectome,10.4,7,0.26151450508624535,0.0
connectome,10.4,8,0.2666842729311691,0.0
connectome,10.4,9,0.25514745385651205,1.3488912
connectome,10.8,0,0.2598841432740501,0.0
connectome,10.8,1,0.26330892097707936,0.3654096
connectome,10.8,2,0.2619437553104863,1.5064655999999998
connectome,10.8,3,0.26463273336537735,0.6547487999999999
connectome,10.8,4,0.26369883242577064,0.31650719999999993
connectome,10.8,5,0.2673553694152871,1.2619535999999998
connectome,10.8,6,0.2568385348437245,0.0
connectome,10.8,7,0.259887168146227,0.0
connectome,10.8,8,0.2595051801837929,0.18881759999999997
connectome,10.8,9,0.25431614600183433,1.3882847999999997
connectome,11.2,0,0.2583507392162651,0.0
connectome,11.2,1,0.2633022289132022,0.3654096
connectome,11.2,2,0.2619912944607745,1.3692672
connectome,11.2,3,0.2647723201678955,0.6221472
connectome,11.2,4,0.2635171604828502,0.31650719999999993
connectome,11.2,5,0.26758272135535394,1.2144096
connectome,11.2,6,0.2556191662703138,0.0
connectome,11.2,7,0.25746181667835416,0.0
connectome,11.2,8,0.25923669384235604,0.5202671999999999
connectome,11.2,9,0.2535091820580657,1.161432
connectome_weight_permuted,0.0,0,0.2515994404478144,0.07471199999999999
connectome_weight_permuted,0.0,1,0.2528480125420928,0.08829600000000001
connectome_weight_permuted,0.0,2,0.25464176843960673,0.0760704
connectome_weight_permuted,0.0,3,0.25484244392755984,0.06927839999999999
connectome_weight_permuted,0.0,4,0.254112959110645,0.0692784
connectome_weight_permuted,0.0,5,0.25370489978643046,0.0692784
connectome_weight_permuted,0.0,6,0.2509492601658659,0.0787872
connectome_weight_permuted,0.0,7,0.25455481225124205,0.0828624
connectome_weight_permuted,0.0,8,0.25070504737749155,0.06791999999999998
connectome_weight_permuted,0.0,9,0.253617670220566,0.06792000000000001
connectome_weight_permuted,0.4,0,0.25180341269852213,1.1655072
connectome_weight_permuted,0.4,1,0.2527800544583052,1.2334272
connectome_weight_permuted,0.4,2,0.25462111207675264,1.2035424
connectome_weight_permuted,0.4,3,0.2550321248416648,1.3285151999999998
connectome_weight_permuted,0.4,4,0.25436410268625403,1.1994671999999997
connectome_weight_permuted,0.4,5,0.2539177532287116,1.0812864000000002
connectome_weight_permuted,0.4,6,0.25100884419974967,1.2239183999999999
connectome_weight_permuted,0.4,7,0.25456930301208813,1.0446096
connectome_weight_permuted,0.4,8,0.25079338623048647,1.2959136
connectome_weight_permuted,0.4,9,0.25383991525434263,1.1329056
connectome_weight_permuted,0.8,0,0.25329744860165493,1.5879695999999999
connectome_weight_permuted,0.8,1,0.2539804789014415,1.7469023999999997
connectome_weight_permuted,0.8,2,0.2553063431613823,1.8093888000000002
connectome_weight_permuted,0.8,3,0.25526424039158363,1.5662352
connectome_weight_permuted,0.8,4,0.25509142096426624,1.6504559999999997
connectome_weight_permuted,0.8,5,0.25527003285603733,1.3434575999999998
connectome_weight_permuted,0.8,6,0.252656549688412,1.6966416
connectome_weight_permuted,0.8,7,0.25491497950199793,1.6667567999999995
connectome_weight_permuted,0.8,8,0.251063223559139,1.6192127999999997
connectome_weight_permuted,0.8,9,0.2545558530834076,1.6545311999999996
connectome_weight_permuted,1.2,0,0.2549475249056399,1.3325904000000002
connectome_weight_permuted,1.2,1,0.2581324407856551,3.1365455999999994
connectome_weight_permuted,1.2,2,0.2593412114796715,1.5893279999999999
connectome_weight_permuted,1.2,3,0.2542787104132694,1.5526512
connectome_weight_permuted,1.2,4,0.25886187137276623,3.6975648
connectome_weight_permuted,1.2,5,0.2577726075460545,1.4670720000000002
connectome_weight_permuted,1.2,6,0.25371828610774627,1.5621599999999998
connectome_weight_permuted,1.2,7,0.25864899180395273,1.7333184
connectome_weight_permuted,1.2,8,0.2591438771546273,2.0457503999999997
connectome_weight_permuted,1.2,9,0.25866823589381704,3.9053999999999993
connectome_weight_permuted,1.6,0,0.25977301446471024,3.3633984
connectome_weight_permuted,1.6,1,0.2586608844401752,3.7206576
connectome_weight_permuted,1.6,2,0.2608504702121914,6.3926304
connectome_weight_permuted,1.6,3,0.26053238836754433,3.2886863999999996
connectome_weight_permuted,1.6,4,0.2610539866613424,5.391489599999999
connectome_weight_permuted,1.6,5,0.2619422863509428,6.236414399999999
connectome_weight_permuted,1.6,6,0.2573820343883849,4.378123199999999
connectome_weight_permuted,1.6,7,0.26128615710478925,1.249728
connectome_weight_permuted,1.6,8,0.25985387893679396,2.9626703999999995
connectome_weight_permuted,1.6,9,0.2616618160194412,3.6214944000000004
connectome_weight_permuted,2.0,0,0.2579503890204369,3.171864
connectome_weight_permuted,2.0,1,0.25867427007407784,4.0711248
connectome_weight_permuted,2.0,2,0.2617405210882754,5.979676799999999
connectome_weight_permuted,2.0,3,0.2600009591301145,2.974896
connectome_weight_permuted,2.0,4,0.25986436986798556,4.2531504
connectome_weight_permuted,2.0,5,0.2610383530626569,5.8737216
connectome_weight_permuted,2.0,6,0.25747177529776094,3.891816
connectome_weight_permuted,2.0,7,0.2608015059217186,3.5386319999999998
connectome_weight_permuted,2.0,8,0.258082861394258,2.4152352
connectome_weight_permuted,2.0,9,0.2596775287004322,2.9056176
connectome_weight_permuted,2.4,0,0.25764642951067945,2.8064544
connectome_weight_permuted,2.4,1,0.25906105006056096,3.9352847999999994
connectome_weight_permuted,2.4,2,0.26208247257796435,5.1442608000000005
connectome_weight_permuted,2.4,3,0.26000928310483634,2.925993599999999
connectome_weight_permuted,2.4,4,0.25960472156472225,3.568516799999999
connectome_weight_permuted,2.4,5,0.2615515311439486,6.413006399999999
connectome_weight_permuted,2.4,6,0.2570220365917144,4.649803199999999
connectome_weight_permuted,2.4,7,0.26087269410785685,3.3783407999999993
connectome_weight_permuted,2.4,8,0.2572697937904621,2.1163871999999997
connectome_weight_permuted,2.4,9,0.2598289983498423,2.628504
connectome_weight_permuted,2.8,0,0.25803235633695126,2.8105295999999997
connectome_weight_permuted,2.8,1,0.2592051934827654,3.4625616
connectome_weight_permuted,2.8,2,0.2596989581950018,5.060039999999999
connectome_weight_permuted,2.8,3,0.2599507031511397,2.6407296
connectome_weight_permuted,2.8,4,0.2597317344631687,3.4788623999999997
connectome_weight_permuted,2.8,5,0.26219584069833446,6.501302399999998
connectome_weight_permuted,2.8,6,0.25706979571397476,3.9760368
connectome_weight_permuted,2.8,7,0.26070771673371756,2.8893167999999996
connectome_weight_permuted,2.8,8,0.25689437792415953,1.0785696
connectome_weight_permuted,2.8,9,0.260206329401025,2.2019664
connectome_weight_permuted,3.2,0,0.2851599556604954,1.8868175999999999
connectome_weight_permuted,3.2,1,0.25894835588971316,1.0649856
connectome_weight_permuted,3.2,2,0.25867786186022795,4.306128
connectome_weight_permuted,3.2,3,0.2597013537038464,2.5442831999999997
connectome_weight_permuted,3.2,4,0.2599722060318042,3.2411423999999998
connectome_weight_permuted,3.2,5,0.26215409171564924,5.9633759999999985
connectome_weight_permuted,3.2,6,0.2575570279965035,3.3932832
connectome_weight_permuted,3.2,7,0.2604048819052407,2.540208
connectome_weight_permuted,3.2,8,0.25733490523539626,0.8734511999999999
connectome_weight_permuted,3.2,9,0.26035077765885617,1.6423055999999998
connectome_weight_permuted,3.6,0,2.9859017825247434,0.29884799999999995
connectome_weight_permuted,3.6,1,0.2585143154748665,0.9957072
connectome_weight_permuted,3.6,2,0.25831368627011764,4.158062399999999
connectome_weight_permuted,3.6,3,0.2593462164636658,2.2495103999999997
connectome_weight_permuted,3.6,4,0.2602306237493799,3.2343503999999994
connectome_weight_permuted,3.6,5,0.2618331016442035,5.653660799999999
connectome_weight_permuted,3.6,6,0.258261247899983,2.3052048
connectome_weight_permuted,3.6,7,0.2601223677935916,2.3663327999999995
connectome_weight_permuted,3.6,8,0.2574762843122028,0.8123232
connectome_weight_permuted,3.6,9,0.26018562461710637,1.5635184
connectome_weight_permuted,4.0,0,3.004244969763934,0.4183872
connectome_weight_permuted,4.0,1,0.25814949788668223,0.6574655999999999
connectome_weight_permuted,4.0,2,0.2582488416513163,4.0127136
connectome_weight_permuted,4.0,3,0.25896340973280163,2.5347744
connectome_weight_permuted,4.0,4,0.26045555802720044,2.798304
connectome_weight_permuted,4.0,5,0.2619294525116727,5.2108224
connectome_weight_permuted,4.0,6,0.2590076028240152,2.098728
connectome_weight_permuted,4.0,7,0.25992839954561286,1.6314384
connectome_weight_permuted,4.0,8,0.2580411009617271,0.8055311999999999
connectome_weight_permuted,4.0,9,0.26182930305262986,1.9071936
connectome_weight_permuted,4.4,0,3.018812323349691,0.7063679999999999
connectome_weight_permuted,4.4,1,0.25788804574811536,0.6506735999999999
connectome_weight_permuted,4.4,2,0.2583798466295571,3.9583776
connectome_weight_permuted,4.4,3,0.2586076465384694,2.4261023999999995
connectome_weight_permuted,4.4,4,0.2605981780695334,2.1177455999999997
connectome_weight_permuted,4.4,5,0.2622617273463496,5.305910399999999
connectome_weight_permuted,4.4,6,0.259683249302678,2.0905776
connectome_weight_permuted,4.4,7,0.25983697481053564,0.2322864
connectome_weight_permuted,4.4,8,0.25890333263036897,0.8028143999999999
connectome_weight_permuted,4.4,9,0.26424320717519123,0.4115952
connectome_weight_permuted,4.8,0,3.0305319979315777,0.8585087999999998
connectome_weight_permuted,4.8,1,0.25770967287974755,0.6533903999999999
connectome_weight_permuted,4.8,2,0.25864372800283014,3.6676799999999994
connectome_weight_permuted,4.8,3,0.25831438277602065,1.9696799999999999
connectome_weight_permuted,4.8,4,0.260636731471627,2.10552
connectome_weight_permuted,4.8,5,0.2626776882233645,4.8345456
connectome_weight_permuted,4.8,6,0.26026741300962747,2.1489887999999997
connectome_weight_permuted,4.8,7,0.2598356266426787,0.23092799999999997
connectome_weight_permuted,4.8,8,0.25682059554279957,0.0
connectome_weight_permuted,4.8,9,0.26252307574144784,0.40752
connectome_weight_permuted,5.2,0,3.0400791949987136,0.8639423999999998
connectome_weight_permuted,5.2,1,0.25758924858295185,0.5420016
connectome_weight_permuted,5.2,2,0.25898466952677934,3.4815791999999997
connectome_weight_permuted,5.2,3,0.2580953112816234,1.8922511999999998
connectome_weight_permuted,5.2,4,0.2605833168688835,2.1041616000000003
connectome_weight_permuted,5.2,5,0.26311275439409115,4.797868799999999
connectome_weight_permuted,5.2,6,0.2607803195356618,1.1655072
connectome_weight_permuted,5.2,7,0.2599006482975863,0.22956959999999996
connectome_weight_permuted,5.2,8,0.2568206697539452,0.3952944
connectome_weight_permuted,5.2,9,3.0556352125423465,1.1070959999999999
connectome_weight_permuted,5.6,0,3.0480051586189507,0.7579872
connectome_weight_permuted,5.6,1,0.2575059807586683,0.41567039999999994
connectome_weight_permuted,5.6,2,0.25935534640869207,3.5535744
connectome_weight_permuted,5.6,3,0.2579431628381886,1.9751135999999996
connectome_weight_permuted,5.6,4,0.2604654563049951,1.9370783999999996
connectome_weight_permuted,5.6,5,0.2635376848405274,4.629427199999999
connectome_weight_permuted,5.6,6,0.2612289074124135,0.9400127999999999
connectome_weight_permuted,5.6,7,0.2600072213974018,0.2268528
connectome_weight_permuted,5.6,8,0.25918116026385996,1.1736575999999999
connectome_weight_permuted,5.6,9,3.058285689140682,1.0894367999999999
connectome_weight_permuted,6.0,0,3.054724948116026,0.6615407999999998
connectome_weight_permuted,6.0,1,0.25744528241283177,0.41023679999999996
connectome_weight_permuted,6.0,2,0.25972156139346025,3.7410336
connectome_weight_permuted,6.0,3,0.2578424336062242,2.0009232
connectome_weight_permuted,6.0,4,0.26030906324168457,1.7387519999999999
connectome_weight_permuted,6.0,5,0.26394201253748745,4.232774399999999
connectome_weight_permuted,6.0,6,0.26160893543890207,0.9345791999999999
connectome_weight_permuted,6.0,7,0.2601344027896451,0.22413599999999997
connectome_weight_permuted,6.0,8,0.25975903723407684,0.8000976
connectome_weight_permuted,6.0,9,3.0416147764973194,0.7919471999999999
connectome_weight_permuted,6.4,0,3.0605367876307543,0.5895455999999999
connectome_weight_permuted,6.4,1,0.25739811791422385,0.28662239999999994
connectome_weight_permuted,6.4,2,0.26006311215432765,3.1895232
connectome_weight_permuted,6.4,3,0.257778009548483,1.9302864000000004
connectome_weight_permuted,6.4,4,0.2601332434520852,1.7306016
connectome_weight_permuted,6.4,5,0.26432611028625275,4.198814399999999
connectome_weight_permuted,6.4,6,0.26192633503715845,0.9345791999999999
connectome_weight_permuted,6.4,7,0.2602660785468524,0.2227776
connectome_weight_permuted,6.4,8,0.25859817521794465,0.2051184
connectome_weight_permuted,6.4,9,3.0495743794472654,1.3067807999999999
connectome_weight_permuted,6.8,0,3.065652609819515,0.4917408
connectome_weight_permuted,6.8,1,0.25735952580897625,0.27847199999999994
connectome_weight_permuted,6.8,2,0.2603714818333674,3.0550415999999996
connectome_weight_permuted,6.8,3,0.25773883499329325,1.7985215999999997
connectome_weight_permuted,6.8,4,0.25995170683827123,1.7197343999999997
connectome_weight_permuted,6.8,5,0.26469490134466833,4.217832
connectome_weight_permuted,6.8,6,0.2622035815297965,0.8299823999999999
connectome_weight_permuted,6.8,7,0.26038995531494563,0.22141919999999998
connectome_weight_permuted,6.8,8,0.2568093870672563,0.366768
connectome_weight_permuted,6.8,9,3.0565107831397618,0.8585087999999998
connectome_weight_permuted,7.2,0,3.0702235587064415,0.489024
connectome_weight_permuted,7.2,1,0.2573271865239222,0.2743968
connectome_weight_permuted,7.2,2,0.26064645165334677,2.5619424
connectome_weight_permuted,7.2,3,0.257718004712095,1.7672784
connectome_weight_permuted,7.2,4,0.2597749951845333,1.4371871999999999
connectome_weight_permuted,7.2,5,0.2650536548812127,4.1852304
connectome_weight_permuted,7.2,6,0.2624706953192661,0.6955007999999999
connectome_weight_permuted,7.2,7,0.26049621307848275,0.22006079999999995
connectome_weight_permuted,7.2,8,0.25604724840505105,0.39665279999999997
connectome_weight_permuted,7.2,9,3.0870699211734243,0.0
connectome_weight_permuted,7.6,0,3.0743582314025364,0.4876656
connectome_weight_permuted,7.6,1,0.2573003296019348,0.24179519999999993
connectome_weight_permuted,7.6,2,0.2608930139747489,2.3079215999999994
connectome_weight_permuted,7.6,3,0.25771146001194384,1.6789824
connectome_weight_permuted,7.6,4,0.2596115940695579,1.3325904
connectome_weight_permuted,7.6,5,0.2654061450751137,4.193380799999999
connectome_weight_permuted,7.6,6,0.26275319470553943,0.6955007999999999
connectome_weight_permuted,7.6,7,0.2605765913851517,0.22006079999999995
connectome_weight_permuted,7.6,8,0.2557317193235895,0.32873279999999994
connectome_weight_permuted,7.6,9,3.091298488395717,0.0
connectome_weight_permuted,8.0,0,3.0781352897604517,0.4849487999999999
connectome_weight_permuted,8.0,1,0.2572789949253691,0.1181808
connectome_weight_permuted,8.0,2,0.2611190049178404,2.3201472
connectome_weight_permuted,8.0,3,0.25771664573007413,1.5146159999999997
connectome_weight_permuted,8.0,4,0.25946812293334337,1.3257983999999996
connectome_weight_permuted,8.0,5,0.2657543873298704,3.9054
connectome_weight_permuted,8.0,6,0.26306542436269903,1.0568351999999999
connectome_weight_permuted,8.0,7,0.26062404930483296,0.21870240000000002
connectome_weight_permuted,8.0,8,0.25566830982054284,0.0
connectome_weight_permuted,8.0,9,3.1011253635960903,0.0
connectome_weight_permuted,8.4,0,3.0816122309476133,0.4849487999999999
connectome_weight_permuted,8.4,1,0.25726357322145094,0.11546399999999998
connectome_weight_permuted,8.4,2,0.2613333702536126,2.0634096
connectome_weight_permuted,8.4,3,0.25773161273288203,1.2809712
connectome_weight_permuted,8.4,4,0.25934920729164124,1.2904799999999998
connectome_weight_permuted,8.4,5,0.26609902388308576,3.6282863999999995
connectome_weight_permuted,8.4,6,0.2634103834046163,1.2008256
connectome_weight_permuted,8.4,7,0.26063283736891873,0.21870240000000002
connectome_weight_permuted,8.4,8,0.2557415126277766,0.0
connectome_weight_permuted,8.4,9,3.103457687093296,0.0
connectome_weight_permuted,8.8,0,3.0848315904068206,0.48223199999999994
connectome_weight_permuted,8.8,1,0.25725454296920464,0.1127472
connectome_weight_permuted,8.8,2,0.2615448943837573,1.8691583999999999
connectome_weight_permuted,8.8,3,0.25775457618169756,0.9590304
connectome_weight_permuted,8.8,4,0.2592574276462583,1.1532816
connectome_weight_permuted,8.8,5,0.266601851996718,2.7453263999999997
connectome_weight_permuted,8.8,6,0.2637832117780503,1.1301888
connectome_weight_permuted,8.8,7,0.26059874323237825,0.21870240000000002
connectome_weight_permuted,8.8,8,0.25587814248831187,0.0
connectome_weight_permuted,8.8,9,3.1049973128225132,0.0
connectome_weight_permuted,9.2,0,3.0878253889335125,0.2961312
connectome_weight_permuted,9.2,1,0.25725233589767277,0.11138879999999998
connectome_weight_permuted,9.2,2,0.26176130459901775,1.7373936
connectome_weight_permuted,9.2,3,0.25778378064509616,0.9182783999999998
connectome_weight_permuted,9.2,4,0.2591934735590327,1.113888
connectome_weight_permuted,9.2,5,0.266534906363112,3.1935984
connectome_weight_permuted,9.2,6,0.2641752801669575,1.032384
connectome_weight_permuted,9.2,7,0.26051931249589577,0.1874592
connectome_weight_permuted,9.2,8,0.2560333907958443,0.0
connectome_weight_permuted,9.2,9,3.100142546421748,0.0
connectome_weight_permuted,9.6,0,3.090618328632481,0.29341439999999996
connectome_weight_permuted,9.6,1,0.25725728079883947,0.1100304
connectome_weight_permuted,9.6,2,0.26198872587857525,1.7876543999999999
connectome_weight_permuted,9.6,3,0.25781751970784333,0.9114863999999997
connectome_weight_permuted,9.6,4,0.25915646770678613,0.9549551999999999
connectome_weight_permuted,9.6,5,0.2630893232354017,1.8854592000000001
connectome_weight_permuted,9.6,6,0.2645772389416455,0.3504671999999999
connectome_weight_permuted,9.6,7,0.2603939302774381,0.1847424
connectome_weight_permuted,9.6,8,0.2561811663058016,0.0
connectome_weight_permuted,9.6,9,3.1014474495325044,0.0
connectome_weight_permuted,10.0,0,3.093230062776331,0.29069759999999994
connectome_weight_permuted,10.0,1,0.2572695904809516,0.0013583999999999998
connectome_weight_permuted,10.0,2,0.26223145833431094,1.4792976
connectome_weight_permuted,10.0,3,0.2578542054722468,0.9060527999999998
connectome_weight_permuted,10.0,4,0.25914436608371755,0.8843184
connectome_weight_permuted,10.0,5,0.26156295039617045,2.1095952
connectome_weight_permuted,10.0,6,0.2649807003080336,0.3504671999999999
connectome_weight_permuted,10.0,7,0.26022373241919616,0.183384
connectome_weight_permuted,10.0,8,0.25630733653894033,0.0
connectome_weight_permuted,10.0,9,3.0976583601774,0.0
connectome_weight_permuted,10.4,0,3.107851591777102,0.2268528
connectome_weight_permuted,10.4,1,0.2572893689274449,0.0013583999999999998
connectome_weight_permuted,10.4,2,0.26249201419420815,1.4426207999999998
connectome_weight_permuted,10.4,3,0.2578924329230584,0.8734511999999999
connectome_weight_permuted,10.4,4,0.2591543474261123,0.8748095999999999
connectome_weight_permuted,10.4,5,0.2604230625423108,1.6531727999999997
connectome_weight_permuted,10.4,6,0.2653788779581537,0.32194079999999997
connectome_weight_permuted,10.4,7,0.2600113731055161,0.0
connectome_weight_permuted,10.4,8,0.2563997474443305,0.0
connectome_weight_permuted,10.4,9,3.099206948044543,0.0
connectome_weight_permuted,10.8,0,3.109783369034632,0.22413599999999997
connectome_weight_permuted,10.8,1,0.2573166252167415,0.0013583999999999998
connectome_weight_permuted,10.8,2,0.26277132595930214,1.49424
connectome_weight_permuted,10.8,3,0.25793101895221604,0.8326991999999999
connectome_weight_permuted,10.8,4,0.2591831383683471,0.8408496
connectome_weight_permuted,10.8,5,0.2594023980437859,1.4005103999999997
connectome_weight_permuted,10.8,6,0.26576662953612784,0.3205824
connectome_weight_permuted,10.8,7,0.2597607023720015,0.0
connectome_weight_permuted,10.8,8,0.2610419835612059,0.0
connectome_weight_permuted,10.8,9,3.1005837804713434,0.0
connectome_weight_permuted,11.2,0,3.1115070468339363,0.22141919999999998
connectome_weight_permuted,11.2,1,0.2573512875598648,0.0013583999999999998
connectome_weight_permuted,11.2,2,0.26306903803352,1.6952832
connectome_weight_permuted,11.2,3,0.2579690148587587,0.7973807999999999
connectome_weight_permuted,11.2,4,0.25922725539435654,0.8340575999999998
connectome_weight_permuted,11.2,5,0.258405813084378,1.5037487999999999
connectome_weight_permuted,11.2,6,0.2661402380445159,0.46185599999999993
connectome_weight_permuted,11.2,7,0.259476409277563,0.0
connectome_weight_permuted,11.2,8,3.021898088763207,0.0
connectome_weight_permuted,11.2,9,3.1018187982622027,0.0
degree_rewire,0.0,0,0.2515994404478144,0.07471199999999999
degree_rewire,0.0,1,0.2528480125420928,0.08829600000000001
degree_rewire,0.0,2,0.25464176843960673,0.0760704
degree_rewire,0.0,3,0.25484244392755984,0.06927839999999999
degree_rewire,0.0,4,0.254112959110645,0.0692784
degree_rewire,0.0,5,0.25370489978643046,0.0692784
degree_rewire,0.0,6,0.2509492601658659,0.0787872
degree_rewire,0.0,7,0.25455481225124205,0.0828624
degree_rewire,0.0,8,0.25070504737749155,0.06791999999999998
degree_rewire,0.0,9,0.253617670220566,0.06792000000000001
degree_rewire,0.4,0,0.2516836676576333,1.1695824
degree_rewire,0.4,1,0.2529322515055334,1.3217231999999997
degree_rewire,0.4,2,0.25452996504898734,1.0636271999999998
degree_rewire,0.4,3,0.2545031930092805,1.2768959999999998
degree_rewire,0.4,4,0.25412763716596776,1.0894367999999996
degree_rewire,0.4,5,0.25390414257160016,1.2021839999999997
degree_rewire,0.4,6,0.25115200512122765,1.2116928
degree_rewire,0.4,7,0.25467520682956485,1.1736576
degree_rewire,0.4,8,0.2503287815007181,1.1396975999999996
degree_rewire,0.4,9,0.25344015909534795,1.2510864
degree_rewire,0.8,0,0.25184017549219556,1.5580847999999998
degree_rewire,0.8,1,0.2539256544255527,1.6776239999999998
degree_rewire,0.8,2,0.25519765069913614,1.5716687999999999
degree_rewire,0.8,3,0.2537179642987087,1.7156591999999997
degree_rewire,0.8,4,0.254330165090737,1.4969567999999998
degree_rewire,0.8,5,0.25637867259708413,1.5064655999999998
degree_rewire,0.8,6,0.25155049148548025,1.6749071999999998
degree_rewire,0.8,7,0.25608367596150555,1.5431423999999998
degree_rewire,0.8,8,0.2501581613974376,1.5499344
degree_rewire,0.8,9,0.2538042858056486,1.6355136
degree_rewire,1.2,0,0.25783622987205446,4.532980800000001
degree_rewire,1.2,1,0.2601137929897992,3.419092799999999
degree_rewire,1.2,2,0.25908703136764416,1.4901647999999998
degree_rewire,1.2,3,0.26074270826721113,3.592968
degree_rewire,1.2,4,0.25538773333852227,1.1424143999999998
degree_rewire,1.2,5,0.2679380029695408,3.946151999999999
degree_rewire,1.2,6,0.2578085659552544,2.3962176
degree_rewire,1.2,7,0.26237439947481456,1.3896431999999999
degree_rewire,1.2,8,0.2582006852245667,2.078352
degree_rewire,1.2,9,0.2589676907134301,4.5465648
degree_rewire,1.6,0,0.2584162814449624,2.1245376
degree_rewire,1.6,1,0.2599152798741567,4.386273599999999
degree_rewire,1.6,2,0.2600809870719224,6.0408048
degree_rewire,1.6,3,0.2604728613170697,3.7247327999999995
degree_rewire,1.6,4,0.25972006054260927,4.969027199999999
degree_rewire,1.6,5,0.2615572002198604,5.223048
degree_rewire,1.6,6,0.258096688186726,4.440609599999999
degree_rewire,1.6,7,0.26075462642172964,2.526624
degree_rewire,1.6,8,0.2583090046421265,3.291403199999999
degree_rewire,1.6,9,0.26075140220148796,5.125243199999999
degree_rewire,2.0,0,0.2583028829125299,2.5293408
degree_rewire,2.0,1,0.25928245685472157,4.0249391999999995
degree_rewire,2.0,2,0.2594586888375267,5.2651584
degree_rewire,2.0,3,0.2605650107601759,3.6377951999999993
degree_rewire,2.0,4,0.25970071111139525,4.3984992
degree_rewire,2.0,5,0.2610676115774328,5.6889792
degree_rewire,2.0,6,0.25782821702456066,6.114158399999999
degree_rewire,2.0,7,0.2594763231890476,2.3744832
degree_rewire,2.0,8,0.2577491282979825,3.0781344
degree_rewire,2.0,9,0.2604427996715462,4.8549216
degree_rewire,2.4,0,0.25815343544603325,1.9642464
degree_rewire,2.4,1,0.25927099491139755,3.4652784
degree_rewire,2.4,2,0.2592706702029333,5.525971199999999
degree_rewire,2.4,3,0.26058470765308106,3.1283951999999995
degree_rewire,2.4,4,0.2595064950601452,3.3647568
degree_rewire,2.4,5,0.26086128263494907,5.459409599999999
degree_rewire,2.4,6,0.25799970709281533,5.459409599999999
degree_rewire,2.4,7,0.25911859672879217,2.0837855999999997
degree_rewire,2.4,8,0.25694385348903864,2.8553568
degree_rewire,2.4,9,0.2606245789607213,4.507171199999999
degree_rewire,2.8,0,0.25757216073993666,2.6964239999999995
degree_rewire,2.8,1,0.2593922212855277,3.2465759999999997
degree_rewire,2.8,2,0.25915517097780594,4.5954672
degree_rewire,2.8,3,0.2601869395712485,3.0387408
degree_rewire,2.8,4,0.25917356499601096,3.4530527999999996
degree_rewire,2.8,5,0.26085732941992656,4.8060192
degree_rewire,2.8,6,0.25824020724418667,5.0450976
degree_rewire,2.8,7,0.25913108369326077,1.7890128
degree_rewire,2.8,8,0.2562824203169922,2.4030096
degree_rewire,2.8,9,0.26089260214088383,3.8469887999999997
degree_rewire,3.2,0,0.2570006534214416,2.4519119999999996
degree_rewire,3.2,1,0.25948139900282907,3.0414575999999998
degree_rewire,3.2,2,0.2589205137068324,3.982828799999999
degree_rewire,3.2,3,0.259692806157791,2.4858719999999996
degree_rewire,3.2,4,0.25882842177142723,3.0265151999999995
degree_rewire,3.2,5,0.26098278082269244,4.647086399999999
degree_rewire,3.2,6,0.2585250535405371,4.647086400000001
degree_rewire,3.2,7,0.2593056088370293,1.6789824
degree_rewire,3.2,8,0.2558615909089644,2.3242224
degree_rewire,3.2,9,0.26104060676329127,3.470712
degree_rewire,3.6,0,0.2566116493926912,2.0620512
degree_rewire,3.6,1,0.2595004861358973,2.4926639999999995
degree_rewire,3.6,2,0.2585834814428399,3.5060304
degree_rewire,3.6,3,0.2591909166837661,2.4301776
degree_rewire,3.6,4,0.2585890863338375,2.7521183999999996
degree_rewire,3.6,5,0.26116775568524875,4.3849152
degree_rewire,3.6,6,0.25869739587283924,4.3074864
degree_rewire,3.6,7,0.25952779318222324,1.2578783999999998
degree_rewire,3.6,8,0.25564373913784294,2.3119968
degree_rewire,3.6,9,0.26116995404333776,2.8798079999999997
degree_rewire,4.0,0,0.25640020745333353,2.2658112
degree_rewire,4.0,1,0.25946343656185944,2.2834703999999997
degree_rewire,4.0,2,0.2582030268355927,3.1705056
degree_rewire,4.0,3,0.2587287049881048,2.2603775999999995
degree_rewire,4.0,4,0.2584182133542345,2.6801231999999997
degree_rewire,4.0,5,0.26138765411273707,4.2911856
degree_rewire,4.0,6,0.25869410760655437,4.177079999999999
degree_rewire,4.0,7,0.25976038024896025,1.0011408
degree_rewire,4.0,8,0.2555612047359173,2.3432399999999998
degree_rewire,4.0,9,0.2613111803741765,2.4953808
degree_rewire,4.4,0,0.25701935261309244,3.9855455999999996
degree_rewire,4.4,1,0.25939802208361146,2.2114751999999998
degree_rewire,4.4,2,0.2578263286432177,3.1514879999999996
degree_rewire,4.4,3,0.258344490028888,2.2563024
degree_rewire,4.4,4,0.2582814164611923,2.4451199999999997
degree_rewire,4.4,5,0.26164712294924636,3.9447935999999997
degree_rewire,4.4,6,0.25855205592530284,3.946152
degree_rewire,4.4,7,0.25999689014427824,0.638448
degree_rewire,4.4,8,0.25555082826391,2.3337312
degree_rewire,4.4,9,0.26146008945169735,2.4872303999999996
degree_rewire,4.8,0,0.2571068733171989,3.9067584
degree_rewire,4.8,1,0.25932395803007585,2.2060416
degree_rewire,4.8,2,0.2574808402978371,2.9259936
degree_rewire,4.8,3,0.258055778783907,2.2508688
degree_rewire,4.8,4,0.2581659084197855,2.6543135999999996
degree_rewire,4.8,5,0.2619604656910582,3.6853392
degree_rewire,4.8,6,0.2583261297249841,3.8062367999999998
degree_rewire,4.8,7,0.2602336161145672,0.638448
degree_rewire,4.8,8,0.2555718872146638,2.2970543999999995
degree_rewire,4.8,9,0.2616195135750177,2.1095952
degree_rewire,5.2,0,0.2572150681690577,3.927134400000001
degree_rewire,5.2,1,0.2592481677417613,2.1693647999999994
degree_rewire,5.2,2,0.2571796723055473,2.9178432
degree_rewire,5.2,3,0.2578607402798801,2.1788735999999997
degree_rewire,5.2,4,0.258065021624455,2.404368
degree_rewire,5.2,5,0.2623412387155183,3.5413487999999993
degree_rewire,5.2,6,0.2580501018944957,3.7315248
degree_rewire,5.2,7,0.2604639116629833,0.6398064
degree_rewire,5.2,8,0.2556027279927009,2.2440767999999998
degree_rewire,5.2,9,0.26180202657558194,1.2266351999999998
degree_rewire,5.6,0,0.2573316937987443,3.5766672
degree_rewire,5.6,1,0.25916969477797014,1.9316448000000002
degree_rewire,5.6,2,0.25692782922439567,2.6461631999999997
degree_rewire,5.6,3,0.2577461364178854,2.1082368
degree_rewire,5.6,4,0.25797147190512154,2.3948592
degree_rewire,5.6,5,0.26279842980009216,3.280536
degree_rewire,5.6,6,0.2577373824788375,3.7111488
degree_rewire,5.6,7,0.26068108761246694,1.0486847999999998
degree_rewire,5.6,8,0.25563187680637217,1.7550528
degree_rewire,5.6,9,0.2620237296889334,0.8924688
degree_rewire,6.0,0,0.25746045905361387,3.5644416
degree_rewire,6.0,1,0.2590854172609975,1.8297647999999995
degree_rewire,6.0,2,0.25672598756179754,2.7670608
degree_rewire,6.0,3,0.25769458488275765,2.1000863999999995
degree_rewire,6.0,4,0.25787793842443596,1.9954895999999998
degree_rewire,6.0,5,0.263335843684256,3.681264
degree_rewire,6.0,6,0.2573912877509625,3.6690383999999994
degree_rewire,6.0,7,0.2608808254488485,1.0772112
degree_rewire,6.0,8,0.2556536631336858,1.4086608
degree_rewire,6.0,9,0.2622990148543811,0.9033359999999998
degree_rewire,6.4,0,0.2576129688512493,3.4177343999999996
degree_rewire,6.4,1,0.2589931500541157,1.7672784
degree_rewire,6.4,2,0.25657234197046075,2.723592
degree_rewire,6.4,3,0.2576889625271506,1.9723967999999998
degree_rewire,6.4,4,0.2577790763058132,1.9859807999999997
degree_rewire,6.4,5,0.26395277600581607,3.5182559999999987
degree_rewire,6.4,6,0.25701215457174054,3.689414399999999
degree_rewire,6.4,7,0.26106145982549395,0.978048
degree_rewire,6.4,8,0.25566670173599104,1.5214079999999999
degree_rewire,6.4,9,0.26263759829609445,0.9291456
degree_rewire,6.8,0,0.2577993479396154,3.2479343999999997
degree_rewire,6.8,1,0.25889250751917625,1.7754287999999996
degree_rewire,6.8,2,0.2564635812928275,2.5918272
degree_rewire,6.8,3,0.25771436847458795,1.9751135999999998
degree_rewire,6.8,4,0.257499252441195,1.1695824
degree_rewire,6.8,5,0.26464505738251337,3.2017487999999994
degree_rewire,6.8,6,0.2566005965928758,3.49788
degree_rewire,6.8,7,0.26122318582987564,0.8843184000000001
degree_rewire,6.8,8,0.2556727192259372,1.1981087999999998
degree_rewire,6.8,9,0.2630435574852528,0.9386544000000001
degree_rewire,7.2,0,0.2580232855563317,2.9844047999999996
degree_rewire,7.2,1,0.2587847083473067,1.942512
degree_rewire,7.2,2,0.25639558905584076,2.5225488
degree_rewire,7.2,3,0.257758662615036,2.00364
degree_rewire,7.2,4,0.25730986763309993,1.15464
degree_rewire,7.2,5,0.2654060716968842,2.8363392
degree_rewire,7.2,6,0.2561586275121392,3.3729072
degree_rewire,7.2,7,0.2613671133888694,0.9522383999999999
degree_rewire,7.2,8,0.2556753008103864,1.0092912
degree_rewire,7.2,9,0.2635158413226351,0.8924688
degree_rewire,7.6,0,0.25828198342723924,3.0428159999999997
degree_rewire,7.6,1,0.2586720775981408,1.7835791999999997
degree_rewire,7.6,2,0.25636403917029443,2.3663327999999995
degree_rewire,7.6,3,0.25781235822390003,1.9153439999999997
degree_rewire,7.6,4,0.25715853283123646,1.1559983999999996
degree_rewire,7.6,5,0.2662276056073207,2.4165935999999997
degree_rewire,7.6,6,0.25568986373887187,3.1080192
degree_rewire,7.6,7,0.2614945686946277,0.8734511999999999
degree_rewire,7.6,8,0.2556788208223769,0.8055311999999999
degree_rewire,7.6,9,0.2640495942069095,0.7973807999999999
degree_rewire,8.0,0,0.25856858794343984,2.8336223999999994
degree_rewire,8.0,1,0.2585575321066202,1.6477391999999997
degree_rewire,8.0,2,0.2563648732134381,2.3500319999999997
degree_rewire,8.0,3,0.25786828939043777,1.7251679999999996
degree_rewire,8.0,4,3.068537447606779,0.5678111999999998
degree_rewire,8.0,5,0.2671004983515781,2.1720816
degree_rewire,8.0,6,0.2551993715684373,3.0781343999999997
degree_rewire,8.0,7,0.26160672819285974,0.7674959999999998
degree_rewire,8.0,8,0.2556877039180695,0.8870351999999999
degree_rewire,8.0,9,0.2646376735893955,0.6370896
degree_rewire,8.4,0,0.2588748233070296,1.8229727999999994
degree_rewire,8.4,1,0.2584441150267625,1.5091823999999998
degree_rewire,8.4,2,0.25639462000473767,2.3079215999999994
degree_rewire,8.4,3,0.25792123087803,1.7102255999999998
degree_rewire,8.4,4,3.0729154324874757,0.5528687999999999
degree_rewire,8.4,5,0.26801510492002684,1.8582911999999996
degree_rewire,8.4,6,0.2546933809242946,2.7724944
degree_rewire,8.4,7,0.26170452999752314,0.8449247999999999
degree_rewire,8.4,8,0.2557059937316978,0.7498368
degree_rewire,8.4,9,0.26527194716414304,0.5922623999999999
degree_rewire,8.8,0,0.25923340093612296,1.2524447999999997
degree_rewire,8.8,1,0.25833459600239783,1.1994671999999997
degree_rewire,8.8,2,0.25645054992120997,2.2277759999999995
degree_rewire,8.8,3,0.2579675310656697,1.1926751999999998
degree_rewire,8.8,4,3.0768601979748365,0.5515104
degree_rewire,8.8,5,0.2689616027804985,1.5322751999999997
degree_rewire,8.8,6,0.2541789498312861,2.6298623999999995
degree_rewire,8.8,7,0.26178875894698805,1.2198432
degree_rewire,8.8,8,0.2557371405136915,0.7036512
degree_rewire,8.8,9,0.26594420234209387,0.5691695999999999
degree_rewire,9.2,0,0.2595056376080955,1.1777327999999998
degree_rewire,9.2,1,0.2582311607095222,1.032384
degree_rewire,9.2,2,0.25653068899357917,2.119104
degree_rewire,9.2,3,0.2580047780390603,1.1464895999999998
degree_rewire,9.2,4,3.0804374410597877,0.5487936
degree_rewire,9.2,5,0.26993018125986545,1.1573567999999999
degree_rewire,9.2,6,0.2536636181730008,2.2671695999999995
degree_rewire,9.2,7,0.2618602001271705,0.9807647999999999
degree_rewire,9.2,8,0.25578392086525437,0.5976959999999999
degree_rewire,9.2,9,0.26664667842954576,0.5080416
degree_rewire,9.6,0,0.25982639366343735,0.9726144
degree_rewire,9.6,1,0.2581352171311538,0.8585087999999998
degree_rewire,9.6,2,0.25663373385182947,1.9289279999999998
degree_rewire,9.6,3,0.25803150965936983,1.1342639999999997
degree_rewire,9.6,4,3.0836992292070198,0.7960223999999999
degree_rewire,9.6,5,0.27091115749791234,1.0731359999999999
degree_rewire,9.6,6,0.2531550757137628,2.1204624
degree_rewire,9.6,7,0.26191977889006696,0.6914255999999999
degree_rewire,9.6,8,0.2558484272086674,0.4971743999999999
degree_rewire,9.6,9,0.2673723134532137,0.5786783999999999
degree_rewire,10.0,0,0.26014673843130237,0.9291456
degree_rewire,10.0,1,0.2580473321411559,0.8163984
degree_rewire,10.0,2,0.25675890983808997,1.8161807999999997
degree_rewire,10.0,3,0.25804697546304006,1.0704192000000001
degree_rewire,10.0,4,3.086687945322661,0.7009343999999998
degree_rewire,10.0,5,0.27189506161708193,0.9807648
degree_rewire,10.0,6,0.2526608632613749,1.9547375999999996
degree_rewire,10.0,7,0.2619686389746494,0.6832752
degree_rewire,10.0,8,0.2559320902965946,0.4659311999999999
degree_rewire,10.0,9,0.2681148093205862,0.570528
degree_rewire,10.4,0,0.26046052514831264,0.9128448
degree_rewire,10.4,1,0.25796728830381815,0.8055312000000001
degree_rewire,10.4,2,0.2569058077463145,1.7020752
degree_rewire,10.4,3,0.2580509530768366,0.9984239999999998
degree_rewire,10.4,4,3.0894386498462394,0.6982175999999999
degree_rewire,10.4,5,0.27287272497505294,0.9318624
degree_rewire,10.4,6,0.2521881199173393,1.7795039999999998
degree_rewire,10.4,7,0.26200814370009307,0.5094
degree_rewire,10.4,8,0.25603571715959766,0.40208639999999995
degree_rewire,10.4,9,0.26886859811057234,0.4971744
degree_rewire,10.8,0,0.260765334528622,0.8367743999999998
degree_rewire,10.8,1,0.257894229120961,0.740328
degree_rewire,10.8,2,0.2570742250752121,1.4453376
degree_rewire,10.8,3,0.2580436148613519,0.9916319999999998
degree_rewire,10.8,4,3.091980648964795,0.6982175999999999
degree_rewire,10.8,5,0.2738353907812868,0.8598671999999998
degree_rewire,10.8,6,0.25174338300111476,1.7428272
degree_rewire,10.8,7,0.2620398109705123,0.47544
degree_rewire,10.8,8,0.25615953822188525,0.3980112
degree_rewire,10.8,9,0.26962876442057576,0.5664528
degree_rewire,11.2,0,0.26105980783519395,0.7715711999999998
degree_rewire,11.2,1,0.2578268497973497,0.6262224
degree_rewire,11.2,2,0.25726402836514045,1.3611168
degree_rewire,11.2,3,0.25802543461635535,1.025592
degree_rewire,11.2,4,3.094338617451521,0.8788848
degree_rewire,11.2,5,0.2747748500380872,0.7593456
degree_rewire,11.2,6,0.2513324415218086,1.56216
degree_rewire,11.2,7,0.2620652074287903,0.10867199999999999
degree_rewire,11.2,8,0.25630326234762035,0.39665279999999997
degree_rewire,11.2,9,0.27039095554698395,0.47815679999999994
erdos_renyi,0.0,0,0.2515994404478144,0.07471199999999999
erdos_renyi,0.0,1,0.2528480125420928,0.08829600000000001
erdos_renyi,0.0,2,0.25464176843960673,0.0760704
erdos_renyi,0.0,3,0.25484244392755984,0.06927839999999999
erdos_renyi,0.0,4,0.254112959110645,0.0692784
erdos_renyi,0.0,5,0.25370489978643046,0.0692784
erdos_renyi,0.0,6,0.2509492601658659,0.0787872
erdos_renyi,0.0,7,0.25455481225124205,0.0828624
erdos_renyi,0.0,8,0.25070504737749155,0.06791999999999998
erdos_renyi,0.0,9,0.253617670220566,0.06792000000000001
erdos_renyi,0.4,0,0.25183798570208593,1.1111712
erdos_renyi,0.4,1,0.2527248269019847,1.3108559999999998
erdos_renyi,0.4,2,0.25478532250637254,1.2076175999999998
erdos_renyi,0.4,3,0.25481698315542545,1.2293519999999998
erdos_renyi,0.4,4,0.2541791398239853,1.127472
erdos_renyi,0.4,5,0.25359967606628897,1.1329055999999997
erdos_renyi,0.4,6,0.2511937979084523,1.2252767999999998
erdos_renyi,0.4,7,0.2547200853473315,1.1831663999999997
erdos_renyi,0.4,8,0.2511337713771626,1.1899583999999999
erdos_renyi,0.4,9,0.25378014872599003,1.2198432000000001
erdos_renyi,0.8,0,0.2527182366207877,1.4983152
erdos_renyi,0.8,1,0.25308103108180396,1.7496191999999997
erdos_renyi,0.8,2,0.2559078042298646,1.7306016
erdos_renyi,0.8,3,0.25535166973914125,1.7890128
erdos_renyi,0.8,4,0.25463473110121304,1.4928816
erdos_renyi,0.8,5,0.254108618837793,1.6762656
erdos_renyi,0.8,6,0.2529556867467528,1.6137792000000002
erdos_renyi,0.8,7,0.2550881126685447,1.6001952
erdos_renyi,0.8,8,0.25230148006345743,1.6355136000000001
erdos_renyi,0.8,9,0.2546074862480784,1.7115839999999998
erdos_renyi,1.2,0,0.2572169137503185,1.4847312
erdos_renyi,1.2,1,0.25838750632772667,2.4356111999999994
erdos_renyi,1.2,2,0.25933033366484853,1.6993584
erdos_renyi,1.2,3,0.25772999578493316,1.3353071999999997
erdos_renyi,1.2,4,0.25593004936110736,1.229352
erdos_renyi,1.2,5,0.2581824671636514,1.5757439999999998
erdos_renyi,1.2,6,0.2552134190409025,1.7441855999999998
erdos_renyi,1.2,7,0.2599344202818357,2.8268304
erdos_renyi,1.2,8,0.2605247040829965,2.13948
erdos_renyi,1.2,9,0.2584972411381932,3.7804271999999997
erdos_renyi,1.6,0,0.2600253649288777,2.4913055999999996
erdos_renyi,1.6,1,0.2622437785290908,1.881384
erdos_renyi,1.6,2,0.2645017926070451,6.2336976
erdos_renyi,1.6,3,0.2633933658776485,3.7315248
erdos_renyi,1.6,4,0.2634974825945487,6.6208415999999986
erdos_renyi,1.6,5,0.2644136029881178,6.5189616
erdos_renyi,1.6,6,0.26037375889680314,3.6174192000000005
erdos_renyi,1.6,7,0.26317992072267504,1.2823296
erdos_renyi,1.6,8,0.2614434607693667,3.4421855999999993
erdos_renyi,1.6,9,0.2624070924944318,6.596390399999999
erdos_renyi,2.0,0,0.2598214637139831,3.1772975999999997
erdos_renyi,2.0,1,0.2619858620026058,5.1238848
erdos_renyi,2.0,2,0.2631819993928448,5.528688
erdos_renyi,2.0,3,0.26311888515596554,2.75076
erdos_renyi,2.0,4,0.2628808864296198,4.2803184000000005
erdos_renyi,2.0,5,0.2633327778973583,5.2393488
erdos_renyi,2.0,6,0.25976606139130654,1.7686368
erdos_renyi,2.0,7,0.26276195578100914,0.9875567999999998
erdos_renyi,2.0,8,0.26088368867190853,3.0007055999999994
erdos_renyi,2.0,9,0.261803450031891,5.572156799999999
erdos_renyi,2.4,0,0.2597470008928961,2.7018576
erdos_renyi,2.4,1,0.2627005302726357,4.2273407999999995
erdos_renyi,2.4,2,0.26362564648823733,3.9434352000000006
erdos_renyi,2.4,3,0.26373947016867766,2.159856
erdos_renyi,2.4,4,0.2625190837611661,2.8281888
erdos_renyi,2.4,5,0.2635943536222343,4.99212
erdos_renyi,2.4,6,0.25943587156087056,1.4303952
erdos_renyi,2.4,7,0.2630994234500822,0.7484784
erdos_renyi,2.4,8,0.26121146173148213,2.9300688
erdos_renyi,2.4,9,0.261165778636764,4.571015999999999
erdos_renyi,2.8,0,0.25992727126270726,1.9859807999999997
erdos_renyi,2.8,1,0.2636430124439899,3.582100799999999
erdos_renyi,2.8,2,0.2639544174637966,3.3022704
erdos_renyi,2.8,3,0.26431356351382074,2.0837855999999997
erdos_renyi,2.8,4,0.262650900626786,1.9126272
erdos_renyi,2.8,5,0.2640073512065186,4.5900336
erdos_renyi,2.8,6,0.2593340470516071,1.1464896
erdos_renyi,2.8,7,0.26372234638277553,0.7403280000000001
erdos_renyi,2.8,8,0.2615838116777993,3.0047808
erdos_renyi,2.8,9,0.2607079237068812,4.312919999999999
erdos_renyi,3.2,0,0.26023988298589096,1.7754287999999998
erdos_renyi,3.2,1,0.26456374380259695,3.522331199999999
erdos_renyi,3.2,2,0.26410006054097196,3.0197232
erdos_renyi,3.2,3,0.26475707634352535,1.8908928
erdos_renyi,3.2,4,0.26376938800621946,4.054823999999999
erdos_renyi,3.2,5,0.26426635842077945,4.3903488
erdos_renyi,3.2,6,0.25984074370039073,3.4177343999999996
erdos_renyi,3.2,7,0.2644205923821747,0.7430448
erdos_renyi,3.2,8,0.26166683045405725,3.0237983999999996
erdos_renyi,3.2,9,0.2604541958982933,4.372689599999999
erdos_renyi,3.6,0,0.2605662000450889,1.8025967999999999
erdos_renyi,3.6,1,0.2653743276355769,2.4369696
erdos_renyi,3.6,2,0.2640828237063896,2.7521183999999996
erdos_renyi,3.6,3,0.26509050524757155,1.7455439999999995
erdos_renyi,3.6,4,0.2644713045154882,3.2166911999999996
erdos_renyi,3.6,5,0.26431189900423774,3.5535743999999996
erdos_renyi,3.6,6,0.26023532185418063,3.2968368
erdos_renyi,3.6,7,0.2650751228364369,0.8816015999999998
erdos_renyi,3.6,8,0.26134754026052087,2.743968
erdos_renyi,3.6,9,0.2603579180956927,3.4734287999999998
erdos_renyi,4.0,0,0.2608693695107749,1.7360352
erdos_renyi,4.0,1,0.266047639438029,1.9601712
erdos_renyi,4.0,2,0.26391117107843604,2.7045744000000003
erdos_renyi,4.0,3,0.26534343016795064,1.7346767999999997
erdos_renyi,4.0,4,0.2652500844991417,3.1216032
erdos_renyi,4.0,5,0.26414742463957147,2.7453263999999997
erdos_renyi,4.0,6,0.2606460759567298,3.3253631999999995
erdos_renyi,4.0,7,0.26561324636942707,0.7457616
erdos_renyi,4.0,8,0.26065453290748436,2.2019664
erdos_renyi,4.0,9,0.2603777765424658,3.0849263999999996
erdos_renyi,4.4,0,0.2611306971583433,1.7170175999999997
erdos_renyi,4.4,1,0.2665794890037635,1.6246464
erdos_renyi,4.4,2,0.2635968149714764,2.4872304
erdos_renyi,4.4,3,0.2655429649421456,1.7034335999999997
erdos_renyi,4.4,4,0.26607457720023747,3.2289167999999995
erdos_renyi,4.4,5,0.2637903281542552,2.8404143999999993
erdos_renyi,4.4,6,0.2610537132291809,3.3253632000000004
erdos_renyi,4.4,7,0.26599915135470054,0.6683328
erdos_renyi,4.4,8,0.259698516100219,2.1218207999999996
erdos_renyi,4.4,9,0.26048794928776453,3.1949568
erdos_renyi,4.8,0,0.2613353988757009,1.4276784
erdos_renyi,4.8,1,0.2669733107886632,1.568952
erdos_renyi,4.8,2,0.2631593488063771,2.3242224
erdos_renyi,4.8,3,0.2657108892278354,1.6626815999999998
erdos_renyi,4.8,4,0.2669159980146696,0.2485872
erdos_renyi,4.8,5,0.2632660626758377,2.1802319999999993
erdos_renyi,4.8,6,0.261455386881284,2.832264
erdos_renyi,4.8,7,0.266229758620412,0.5270592
erdos_renyi,4.8,8,0.2586095143375852,1.4494127999999997
erdos_renyi,4.8,9,0.26066937980580246,2.3378064
erdos_renyi,5.2,0,0.2614727404503819,1.4208863999999999
erdos_renyi,5.2,1,0.26723526107665174,1.3692672
erdos_renyi,5.2,2,0.26262291924186937,2.0498256
erdos_renyi,5.2,3,0.26586275853635577,1.3624752
erdos_renyi,5.2,4,0.26775105563842155,0.24451199999999998
erdos_renyi,5.2,5,0.26260756874467356,2.0280911999999995
erdos_renyi,5.2,6,0.26185236665667855,2.8105295999999997
erdos_renyi,5.2,7,0.26632631398997497,0.48223199999999994
erdos_renyi,5.2,8,0.2574921780738335,1.2931967999999998
erdos_renyi,5.2,9,0.26090407145473493,2.0321664
erdos_renyi,5.6,0,0.26153629864562045,1.7265263999999998
erdos_renyi,5.6,1,0.26737338650106873,1.1179631999999997
erdos_renyi,5.6,2,0.26201229801854636,1.6436639999999998
erdos_renyi,5.6,3,0.26600878135092154,1.1220383999999999
erdos_renyi,5.6,4,0.2685639386262943,0.0
erdos_renyi,5.6,5,0.2618526205410856,1.8542160000000003
erdos_renyi,5.6,6,0.26224587611880934,2.2902624
erdos_renyi,5.6,7,0.26632312814711195,0.38442719999999997
erdos_renyi,5.6,8,0.2564104860722968,1.0649856
erdos_renyi,5.6,9,0.26117487629842234,1.6504559999999997
erdos_renyi,6.0,0,0.26152344744365497,1.3747007999999998
erdos_renyi,6.0,1,0.2673974449302045,0.9753312
erdos_renyi,6.0,2,0.26135039684865885,1.4521295999999997
erdos_renyi,6.0,3,0.2661554479354518,0.8028143999999999
erdos_renyi,6.0,4,0.2693459644218897,0.0
erdos_renyi,6.0,5,0.2610396167192018,1.7550527999999996
erdos_renyi,6.0,6,0.2626361837305674,2.3296559999999995
erdos_renyi,6.0,7,0.26625713424440856,0.3192239999999999
erdos_renyi,6.0,8,0.2553934899492068,0.9019775999999998
erdos_renyi,6.0,9,0.2614672245872656,1.4045855999999999
erdos_renyi,6.4,0,0.29003438909860285,0.7471199999999999
erdos_renyi,6.4,1,0.26731843446580184,0.9359375999999999
erdos_renyi,6.4,2,0.26065706772638936,1.365192
erdos_renyi,6.4,3,0.26630688622552423,0.6642576
erdos_renyi,6.4,4,0.27009384534587494,0.0
erdos_renyi,6.4,5,0.26020349957493466,1.4765807999999996
erdos_renyi,6.4,6,0.2630227823041814,1.8732335999999996
erdos_renyi,6.4,7,0.26616070534611985,0.2322864
erdos_renyi,6.4,8,0.25444814317527353,0.3002064
erdos_renyi,6.4,9,0.2617703304761201,1.2375024
erdos_renyi,6.8,0,3.120080952637715,0.0
erdos_renyi,6.8,1,0.2671479637152234,0.8123231999999998
erdos_renyi,6.8,2,0.2599487373218042,1.0473263999999998
erdos_renyi,6.8,3,0.26646555735867783,0.5922623999999999
erdos_renyi,6.8,4,0.27080754291252357,0.0
erdos_renyi,6.8,5,0.25937305490691537,1.4915231999999998
erdos_renyi,6.8,6,0.2634047662604697,1.3393823999999996
erdos_renyi,6.8,7,0.26605827650946656,0.264888
erdos_renyi,6.8,8,0.2535704958538447,0.23500319999999997
erdos_renyi,6.8,9,0.26207729617437675,1.1872415999999997
erdos_renyi,7.2,0,3.123670189876764,0.0095088
erdos_renyi,7.2,1,0.26689771044967797,0.6805584
erdos_renyi,7.2,2,0.25923853092575055,0.7593455999999998
erdos_renyi,7.2,3,0.2666324420410819,0.49445760000000005
erdos_renyi,7.2,4,0.27577303871521536,0.0
erdos_renyi,7.2,5,0.2585699198488174,1.42632
erdos_renyi,7.2,6,0.26233542474954186,0.42653759999999996
erdos_renyi,7.2,7,0.2659659314681837,0.2540208
erdos_renyi,7.2,8,0.2527527525781954,0.4618559999999999
erdos_renyi,7.2,9,0.26238444609862105,1.1261135999999998
erdos_renyi,7.6,0,3.126584234487482,0.0095088
erdos_renyi,7.6,1,0.2665790605634212,0.5189088
erdos_renyi,7.6,2,0.25853664295150547,0.6846336
erdos_renyi,7.6,3,0.2668070619642587,0.4876656
erdos_renyi,7.6,4,3.130584314815783,0.20104319999999998
erdos_renyi,7.6,5,0.2578089126836257,1.3624752
erdos_renyi,7.6,6,0.26254181454759773,0.4102368
erdos_renyi,7.6,7,0.26589263023579573,0.2200608
erdos_renyi,7.6,8,0.25198683556419205,0.36405119999999996
erdos_renyi,7.6,9,0.2626903693295411,1.0935119999999998
erdos_renyi,8.0,0,3.128986327238917,0.005433599999999999
erdos_renyi,8.0,1,0.26620290323975987,0.48087359999999996
erdos_renyi,8.0,2,0.2578507914661071,0.6764832000000001
erdos_renyi,8.0,3,0.26698760523809323,0.522984
erdos_renyi,8.0,4,3.132093040180805,0.20104319999999998
erdos_renyi,8.0,5,0.2570990808850189,1.3556832
erdos_renyi,8.0,6,0.2628765723262369,0.3205824
erdos_renyi,8.0,7,0.26584196899778195,0.1874592
erdos_renyi,8.0,8,3.1346812379420967,0.4903824
erdos_renyi,8.0,9,0.26299500261891656,1.0351008
erdos_renyi,8.4,0,3.130979729586328,0.0
erdos_renyi,8.4,1,0.26577952253775977,0.3477504
erdos_renyi,8.4,2,0.2571866639116457,0.5786783999999999
erdos_renyi,8.4,3,0.267171246957747,0.4795152
erdos_renyi,8.4,4,3.1333600774267696,0.2322864
erdos_renyi,8.4,5,0.2564449788087283,1.1641488
erdos_renyi,8.4,6,0.26308501871258533,0.30971519999999997
erdos_renyi,8.4,7,0.26581383538426295,0.08693759999999999
erdos_renyi,8.4,8,3.135720933609303,0.5257007999999999
erdos_renyi,8.4,9,0.26329890970367603,0.8748096000000001
erdos_renyi,8.8,0,3.132641225331809,0.008150399999999999
erdos_renyi,8.8,1,0.26531853462725613,0.2268528
erdos_renyi,8.8,2,0.2565483129222892,0.7294607999999999
erdos_renyi,8.8,3,0.26735460739312544,0.2961312
erdos_renyi,8.8,4,3.134435730201208,0.2567376
erdos_renyi,8.8,5,0.2558478865237462,1.1329056
erdos_renyi,8.8,6,3.1363358705134283,0.9848399999999998
erdos_renyi,8.8,7,0.2658057235567568,0.054335999999999995
erdos_renyi,8.8,8,3.136600372116646,0.5379263999999999
erdos_renyi,8.8,9,0.26360279084156973,0.7715711999999999
erdos_renyi,9.2,0,3.134030592275931,0.010867199999999999
erdos_renyi,9.2,1,0.26482884136542884,0.1983264
erdos_renyi,9.2,2,0.25593849143931485,0.6805584
erdos_renyi,9.2,3,0.2675342280618701,0.2825472
erdos_renyi,9.2,4,3.1353550063777624,0.2227776
erdos_renyi,9.2,5,0.25530683948782074,0.8163984
erdos_renyi,9.2,6,3.1372323156159454,0.8299823999999999
erdos_renyi,9.2,7,0.26581369828813783,0.050260799999999994
erdos_renyi,9.2,8,3.137259182015532,0.618072
erdos_renyi,9.2,9,0.2639071938317913,0.6465983999999999
erdos_renyi,9.6,0,3.135195421994805,0.0298848
erdos_renyi,9.6,1,0.26431858933011676,0.17387519999999998
erdos_renyi,9.6,2,0.2553589300185225,0.5324928
erdos_renyi,9.6,3,0.26770696119896115,0.30971519999999997
erdos_renyi,9.6,4,3.136144574806736,0.2200608
erdos_renyi,9.6,5,0.25481943396048856,0.6194303999999999
erdos_renyi,9.6,6,3.137967922015682,0.7294607999999998
erdos_renyi,9.6,7,0.265833078768123,0.050260799999999994
erdos_renyi,9.6,8,3.1383585831156924,0.20376000000000002
erdos_renyi,9.6,9,0.2642123758876874,0.5216255999999999
erdos_renyi,10.0,0,3.1361741175217404,0.0122256
erdos_renyi,10.0,1,0.2637951345318604,0.2268528
erdos_renyi,10.0,2,0.25481056359499155,0.5610192
erdos_renyi,10.0,3,0.2678702202967528,0.21326879999999995
erdos_renyi,10.0,4,3.136825482594567,0.2200608
erdos_renyi,10.0,5,1.9412720728816606,0.4849487999999999
erdos_renyi,10.0,6,3.1385735163779307,0.6628992
erdos_renyi,10.0,7,0.26585891947185025,0.050260799999999994
erdos_renyi,10.0,8,3.13885451850075,0.1928928
erdos_renyi,10.0,9,0.26451826595586075,0.46864799999999995
erdos_renyi,10.4,0,3.136997950768769,0.010867199999999999
erdos_renyi,10.4,1,0.2632650175625251,0.22821119999999998
erdos_renyi,10.4,2,0.2542937153937153,0.6275807999999998
erdos_renyi,10.4,3,0.2680220904870889,0.19289279999999998
erdos_renyi,10.4,4,3.1374146744573874,0.13584000000000002
erdos_renyi,10.4,5,3.135737255903867,0.3980112
erdos_renyi,10.4,6,3.1390734828069404,0.5487936
erdos_renyi,10.4,7,0.2658863471916032,0.0516192
erdos_renyi,10.4,8,3.139258660982963,0.22413600000000003
erdos_renyi,10.4,9,0.26482448656851637,0.37899359999999993
erdos_renyi,10.8,0,3.1376925564019764,0.010867199999999999
erdos_renyi,10.8,1,0.26273395412558653,0.22821119999999998
erdos_renyi,10.8,2,0.2538082449093167,0.5379263999999999
erdos_renyi,10.8,3,0.2681613286712403,0.19425119999999998
erdos_renyi,10.8,4,3.1379259801473984,0.1331232
erdos_renyi,10.8,5,3.1364499022500607,0.35997599999999996
erdos_renyi,10.8,6,3.1394872737330437,0.5583024
erdos_renyi,10.8,7,0.26591079402652307,0.0516192
erdos_renyi,10.8,8,3.139597385032238,0.156216
erdos_renyi,10.8,9,0.26513040582981506,0.33688319999999994
erdos_renyi,11.2,0,3.1382790557381686,0.010867199999999999
erdos_renyi,11.2,1,0.26220684389018667,0.2268528
erdos_renyi,11.2,2,0.2533536659611846,0.41702880000000003
erdos_renyi,11.2,3,0.26828729321372957,0.23092799999999997
erdos_renyi,11.2,4,3.13837080562979,0.1059552
erdos_renyi,11.2,5,3.1370668854162926,0.3640511999999999
erdos_renyi,11.2,6,3.1398305081162166,0.3382416
erdos_renyi,11.2,7,0.26592815251411894,0.05297759999999999
erdos_renyi,11.2,8,3.139884295980389,0.156216
erdos_renyi,11.2,9,0.2654352003305491,0.30428160000000004
